{
    "vertices": [-0.877167,-0.876506,0.88146,-0.877167,-0.876506,-0.88146,0.900323,-0.885093,-0.88146,0.900323,-0.885093,0.88146,-1.01787,-0.479648,1.04724,-1.01787,-0.479648,-1.04724,1.07772,-0.470387,-1.04724,1.07772,-0.470387,1.04724,-0.981027,0.148086,1.04922,-0.981027,0.148086,-1.04922,0.899037,0.369745,-1.04922,0.899037,0.369745,1.04922,-0.893221,0.731013,0.897206,-0.89322,0.731012,-0.897206,0.603808,1.11961,-0.897206,0.603807,1.11961,0.897206,-0.612732,1.1945,0.784294,-0.612732,1.1945,-0.784294,0.244967,1.38244,-0.784294,0.244967,1.38244,0.784294,-0.387703,-0.544166,-1.28807,0.512666,-0.568282,-1.28807,0.333333,-1,-1,-0.333333,-1,-1,0.512666,-0.568281,1.28807,-0.387703,-0.544166,1.28807,-0.333333,-1,1,0.333333,-1,1,-0.420588,0.240019,-1.28807,0.282471,0.327712,-1.28807,0.282471,0.327712,1.28807,-0.420588,0.240019,1.28807,-0.474692,0.870151,-1,0.158996,1.07723,-1,0.158996,1.07723,1,-0.474693,0.870151,1,-0.360568,1.27199,-0.788052,-0.004139,1.35826,-0.788052,-0.004139,1.35826,0.788052,-0.360568,1.27199,0.788052,-1.28807,-0.52005,0.429357,-1.28807,-0.52005,-0.429357,-1,-1,-0.333333,-1,-1,0.333333,1.41304,-0.592397,-0.429357,1.41304,-0.592397,0.429357,1,-1,0.333333,1,-1,-0.333333,-1.12365,0.152325,0.429357,-1.12365,0.152325,-0.429357,1.22294,0.415406,-0.429357,1.22294,0.415406,0.429357,-1.10838,0.663068,0.333333,-1.10838,0.663068,-0.333333,0.792684,1.28432,-0.333333,0.792684,1.28432,0.333333,-0.598802,1.41435,0.333333,-0.598802,1.41435,-0.333333,0.210758,1.53274,-0.333333,0.210758,1.53274,0.333333,-0.333333,-1,-0.333333,-0.333333,-1,0.333333,0.333333,-1,-0.333333,0.333333,-1,0.333333,-0.059095,1.49328,-0.333333,-0.059095,1.49328,0.333333,-0.328949,1.45381,-0.333333,-0.328949,1.45381,0.333333],
    "normals": [-0.969817,-0.167364,-0.177221,-0.703726,-0.206671,-0.679708,-0.475051,-0.74102,-0.474532,-0.515946,-0.848842,-0.114902,0.216376,-0.274575,-0.936888,0.673482,-0.197943,-0.71218,0.42085,-0.780725,-0.461867,0.100406,-0.863277,-0.494583,0.932188,-0.278237,0.231483,0.673482,-0.197943,0.71218,0.42085,-0.780725,0.461867,0.41496,-0.901761,0.120731,-0.475051,-0.74102,0.474532,-0.117557,-0.854579,0.505783,-0.183447,-0.272347,0.944517,-0.703726,-0.206671,0.679708,0.025513,-0.999329,-0.025513,0.41496,-0.901761,-0.120731,0.921262,0.313852,0.229652,0.625507,0.267739,0.73281,-0.227332,0.412793,0.881954,-0.703604,0.392804,0.59212,-0.718284,0.161229,0.676778,-0.207678,0.177862,0.961882,-0.976379,0.146855,-0.15833,-0.718284,0.161229,-0.676778,0.132054,0.202979,-0.970214,0.625507,0.267739,-0.73281,0.135807,0.977294,0.162511,0.155187,0.815058,0.558153,0.486587,0.570696,0.661428,0.68157,0.707724,0.185858,-0.940275,0.316874,-0.124332,-0.703604,0.392804,-0.59212,0.03589,0.459029,-0.887692,0.486587,0.570696,-0.661428,-0.172491,0.96823,-0.180914,-0.207343,0.742973,-0.636372,-0.498093,0.651112,-0.572619,-0.516678,0.838984,-0.170598,-0.207343,0.742973,0.636372,-0.498093,0.651112,0.572619,-0.112674,0.785913,-0.607959,0.155187,0.815058,-0.558153,-0.183447,-0.272347,-0.944517,-0.117557,-0.854579,-0.505783,0.216376,-0.274575,0.936888,0.100406,-0.863277,0.494583,-0.027955,-0.999207,-0.027955,0.03589,0.459029,0.887692,0.132054,0.202979,0.970214,-0.207678,0.177862,-0.961882,-0.227332,0.412793,-0.881954,0.135807,0.977294,-0.162511,-0.15009,0.975372,-0.161443,-0.112674,0.785913,0.607959,-0.515946,-0.848842,0.114902,-0.969817,-0.167364,0.177221,0.932188,-0.278237,-0.231483,0.025513,-0.999329,0.025513,0.921262,0.313852,-0.229652,-0.976379,0.146855,0.15833,0.68157,0.707724,-0.185858,-0.940275,0.316874,0.124332,-0.172491,0.96823,0.180914,-0.516678,0.838984,0.170598,-0.027955,-0.999207,0.027955,-0.15009,0.975372,0.161443],
    "name": "Cube.001Geometry",
    "materials": [{
        "transparent": false,
        "colorAmbient": [1,1,1],
        "blending": "NormalBlending",
        "mapDiffuseAnisotropy": 1,
        "doubleSided": true,
        "depthWrite": true,
        "wireframe": false,
        "visible": true,
        "mapDiffuseRepeat": [1,1],
        "DbgColor": 15658734,
        "mapDiffuse": "rock.png",
        "mapDiffuseWrap": ["RepeatWrapping","RepeatWrapping"],
        "colorDiffuse": [1,1,1],
        "colorEmissive": [0,0,0],
        "shading": "lambert",
        "depthTest": true,
        "opacity": 1,
        "DbgIndex": 0,
        "DbgName": "Material.002"
    }],
    "faces": [43,41,5,1,42,0,0,1,2,3,0,1,2,3,43,21,6,2,22,0,4,5,6,7,4,5,6,7,43,45,7,3,46,0,8,9,10,11,8,9,10,11,43,0,26,25,4,0,14,15,12,13,12,13,14,15,43,62,22,2,47,0,16,7,6,17,16,7,6,17,43,51,11,7,45,0,18,19,9,8,18,19,9,8,43,35,12,8,31,0,20,21,22,23,20,21,22,23,43,49,9,5,41,0,24,25,1,0,24,25,1,0,43,29,10,6,21,0,26,27,5,4,26,27,5,4,43,31,8,4,25,0,23,22,13,12,23,22,15,14,43,59,19,15,55,0,28,29,30,31,28,29,30,31,43,53,13,9,49,0,32,33,25,24,32,33,25,24,43,33,14,10,29,0,34,35,27,26,34,35,27,26,43,55,15,11,51,0,31,30,19,18,31,30,19,18,43,66,36,17,57,0,36,37,38,39,36,37,38,39,43,39,16,12,35,0,40,41,21,20,40,41,21,20,43,57,17,13,53,0,39,38,33,32,39,38,33,32,43,37,18,14,33,0,42,43,35,34,42,43,35,34,43,5,20,23,1,0,1,44,45,2,1,44,45,2,43,20,21,22,23,0,44,46,47,45,44,4,7,45,43,7,24,27,3,0,9,48,49,10,9,46,47,10,43,24,25,26,27,0,50,12,15,51,46,14,13,47,43,42,1,23,60,0,3,2,45,52,3,2,45,48,43,60,23,22,62,0,52,45,47,53,48,45,7,16,43,15,34,30,11,0,30,54,55,19,30,49,50,19,43,34,35,31,30,0,56,20,23,57,49,20,23,50,43,9,28,20,5,0,25,58,44,1,25,51,44,1,43,28,29,21,20,0,58,59,46,44,51,26,4,44,43,11,30,24,7,0,19,55,48,9,19,50,46,9,43,30,31,25,24,0,57,23,12,50,50,23,14,46,43,13,32,28,9,0,33,60,58,25,33,52,51,25,43,32,33,29,28,0,60,61,59,58,52,34,26,51,43,58,18,37,64,0,62,43,42,63,53,43,42,54,43,64,37,36,66,0,64,65,37,36,54,42,37,36,43,19,38,34,15,0,29,66,54,30,29,55,49,30,43,38,39,35,34,0,67,40,20,56,55,40,20,49,43,17,36,32,13,0,38,37,60,33,38,37,52,33,43,36,37,33,32,0,37,65,61,60,37,42,34,52,43,43,0,4,40,0,69,14,13,68,56,12,15,57,43,40,41,42,43,0,68,0,70,69,57,0,3,56,43,6,44,47,2,0,5,71,17,6,5,58,17,6,43,44,45,46,47,0,71,8,11,72,58,8,11,17,43,27,63,46,3,0,49,73,11,10,47,59,11,10,43,63,62,47,46,0,73,74,72,11,59,16,17,11,43,10,50,44,6,0,27,75,71,5,27,60,58,5,43,50,51,45,44,0,75,18,8,71,60,18,8,58,43,8,48,40,4,0,22,76,68,13,22,61,57,15,43,48,49,41,40,0,76,24,0,68,61,24,0,57,43,18,58,54,14,0,43,62,77,35,43,53,62,35,43,58,59,55,54,0,62,28,31,77,53,28,31,62,43,12,52,48,8,0,21,78,76,22,21,63,61,22,43,52,53,49,48,0,78,32,24,76,63,32,24,61,43,14,54,50,10,0,35,77,75,27,35,62,60,27,43,54,55,51,50,0,77,31,18,75,62,31,18,60,43,39,67,56,16,0,40,79,80,41,40,64,65,41,43,67,66,57,56,0,79,36,39,80,64,36,39,65,43,16,56,52,12,0,41,80,78,21,41,65,63,21,43,56,57,53,52,0,80,39,32,78,65,39,32,63,43,0,43,61,26,0,14,69,81,15,12,56,66,13,43,43,42,60,61,0,69,70,82,81,56,3,48,66,43,26,61,63,27,0,15,81,83,51,13,66,59,47,43,61,60,62,63,0,81,82,84,83,66,48,16,59,43,19,59,65,38,0,29,28,85,66,29,28,67,55,43,59,58,64,65,0,28,62,63,85,28,53,54,67,43,38,65,67,39,0,67,86,79,40,55,67,64,40,43,65,64,66,67,0,86,64,36,79,67,54,36,64],