{
    "metadata": {
        "type": "Geometry",
        "version": 3,
        "faces": 6,
        "materials": 1,
        "uvs": 1,
        "normals": 6,
        "generator": "io_three",
        "vertices": 24
    },
    "faces": [43,2,0,1,3,0,2,3,0,1,0,0,0,0,43,12,7,6,14,0,4,5,6,7,1,1,1,1,43,16,5,4,18,0,8,9,10,11,2,2,2,2,43,20,10,8,22,0,12,13,14,15,3,3,3,3,43,9,15,19,23,0,16,17,18,19,4,4,4,4,43,21,17,13,11,0,20,21,22,23,5,5,5,5],
    "normals": [-1,0,0,0,0,-1,1,0,0,0,0,1,0,-1,0,0,1,0],
    "materials": [{
        "depthTest": true,
        "visible": true,
        "mapDiffuse": "wood3.jpg",
        "mapDiffuseAnisotropy": 1,
        "shading": "lambert",
        "colorDiffuse": [1,1,1],
        "colorEmissive": [0,0,0],
        "transparent": false,
        "mapDiffuseRepeat": [1,1],
        "colorAmbient": [1,1,1],
        "blending": "NormalBlending",
        "opacity": 1,
        "DbgIndex": 0,
        "DbgColor": 15658734,
        "depthWrite": true,
        "DbgName": "wood",
        "mapDiffuseWrap": ["RepeatWrapping","RepeatWrapping"],
        "wireframe": false
    }],
    "uvs": [[0.857702,0.658824,0.857702,0.329412,1,0.329412,1,0.658824,0.715405,1,0.715405,0,0.857702,0,0.857702,1,0.857702,0.329412,0.857702,0,1,0,1,0.329412,0.715405,0,0.715405,1,0.573107,1,0.573107,0,0.286554,1,0,1,0,0,0.286553,0,0.286554,0,0.573107,0,0.573107,1,0.286554,1]],
    "name": "CubeGeometry.1",
    "vertices": [-9.05616,-1.48141,2.98321,-9.05616,1.48141,2.98321,-9.05616,-1.48141,-2.98321,-9.05616,1.48141,-2.98321,9.05616,-1.48141,2.98321,9.05616,1.48141,2.98321,9.05616,-1.48141,-2.98321,9.05616,1.48141,-2.98321,-9.05616,-1.48141,2.98321,-9.05616,-1.48141,2.98321,-9.05616,1.48141,2.98321,-9.05616,1.48141,2.98321,-9.05616,1.48141,-2.98321,-9.05616,1.48141,-2.98321,-9.05616,-1.48141,-2.98321,-9.05616,-1.48141,-2.98321,9.05616,1.48141,-2.98321,9.05616,1.48141,-2.98321,9.05616,-1.48141,-2.98321,9.05616,-1.48141,-2.98321,9.05616,1.48141,2.98321,9.05616,1.48141,2.98321,9.05616,-1.48141,2.98321,9.05616,-1.48141,2.98321]
}