{
    "metadata": {
        "normals": 36,
        "materials": 2,
        "generator": "io_three",
        "version": 3,
        "vertices": 128,
        "uvs": 1,
        "faces": 92,
        "type": "Geometry"
    },
    "normals": [0,0,-1,0.195074,0,-0.980773,0.382672,0,-0.923856,0.555559,0,-0.831446,0.707083,0,-0.707083,0.831446,0,-0.555559,0.923856,0,-0.382672,0.980773,0,-0.195074,0.999969,0,0,0.980773,0,0.195074,0.923856,0,0.382672,0.831446,0,0.555559,0.707083,0,0.707083,0.555559,0,0.831446,0.382672,0,0.923856,0.195074,0,0.980773,0,0,0.999969,-0.195074,0,0.980773,-0.382672,0,0.923856,-0.555559,0,0.831446,-0.707083,0,0.707083,-0.831446,0,0.555559,-0.923856,0,0.382672,-0.980773,0,0.195074,-0.999969,0,0,-0.980773,0,-0.195074,-0.923856,0,-0.382672,-0.831446,0,-0.555559,-0.707083,0,-0.707083,-0.555559,0,-0.831446,-0.382672,0,-0.923856,0,0.999969,0,0,1,0,-0.195074,0,-0.980773,0,-1,0,0,-0.999969,0],
    "name": "CylinderGeometry",
    "uvs": [[0.595482,0,0.595482,0.334407,0.554686,0.334407,0.554685,0,0.514673,0.334407,0.514673,0,0.476982,0.334407,0.476982,0,0.443061,0.334407,0.443061,0,0.414213,0.334407,0.414213,0,0.264046,0.665593,0.264046,1,0.230125,1,0.230125,0.665593,0.192434,1,0.192434,0.665593,0.152421,1,0.152421,0.665593,0.111625,1,0.111625,0.665593,0.071612,1,0.071612,0.665593,0.033921,1,0.033921,0.665593,0,1,0,0.665593,0.414213,0.668814,0.448134,0.334407,0.448134,0.668814,0.485825,0.334407,0.485826,0.668814,0.525838,0.334407,0.525838,0.668814,0.566635,0.334407,0.566635,0.668814,0.606647,0.334407,0.606647,0.668814,0.644338,0.334407,0.644338,0.668814,0.678259,0.334407,0.678259,0.668814,0.707107,0.334407,0.707107,0.668814,0.707107,0.668814,0.707107,0.334407,0.741028,0.334407,0.741028,0.668814,0.778719,0.334407,0.778719,0.668814,0.818731,0.334407,0.818731,0.668814,0.859528,0.334407,0.859528,0.668814,0.89954,0.334407,0.89954,0.668814,0.937231,0.334407,0.937231,0.668814,0.971152,0.334407,0.971153,0.668814,1,0.334407,1,0.668814,0.735954,0,0.735954,0.334407,0.707106,0.334407,0.707106,0,0.673185,0.334407,0.673185,0,0.186708,0.665593,0.146696,0.659199,0.109005,0.646655,0.075084,0.628445,0.046237,0.605268,0.023571,0.578014,0.007959,0.547732,0,0.515584,0,0.482806,0.007959,0.450658,0.023571,0.420376,0.046236,0.393122,0.075084,0.369945,0.109005,0.351735,0.146696,0.339191,0.186708,0.332797,0.227505,0.332797,0.267517,0.339191,0.305209,0.351735,0.33913,0.369945,0.367977,0.393122,0.390642,0.420376,0.406254,0.450658,0.414213,0.482806,0.414213,0.515584,0.406254,0.547731,0.390642,0.578014,0.367977,0.605268,0.33913,0.628445,0.305209,0.646655,0.267518,0.659199,0.227505,0.665593,0.635494,0,0.635494,0.334407,0,0.182787,0,0.15001,0.007959,0.117862,0.023571,0.087579,0.046236,0.060326,0.075084,0.037148,0.109005,0.018938,0.146696,0.006395,0.186708,0,0.227505,0,0.267517,0.006395,0.305208,0.018938,0.339129,0.037148,0.367977,0.060326,0.390642,0.087579,0.406254,0.117862,0.414213,0.150009,0.414213,0.182787,0.406254,0.214935,0.390642,0.245217,0.367977,0.272471,0.339129,0.295648,0.305208,0.313859,0.267517,0.326402,0.227505,0.332797,0.186708,0.332797,0.146696,0.326402,0.109005,0.313858,0.075084,0.295648,0.046236,0.272471,0.023571,0.245217,0.007959,0.214935]],
    "vertices": [0,-1,-1,0,1,-1,0.19509,-1,-0.980785,0.19509,1,-0.980785,0.382683,-1,-0.923879,0.382683,1,-0.92388,0.55557,-1,-0.83147,0.55557,1,-0.83147,0.707107,-1,-0.707107,0.707107,1,-0.707107,0.83147,-1,-0.55557,0.83147,1,-0.55557,0.92388,-1,-0.382683,0.92388,1,-0.382683,0.980785,-1,-0.19509,0.980785,1,-0.19509,1,-1,-0,1,1,-0,0.980785,-1,0.19509,0.980785,1,0.19509,0.92388,-1,0.382683,0.92388,1,0.382683,0.83147,-1,0.55557,0.83147,1,0.55557,0.707107,-1,0.707107,0.707107,1,0.707107,0.55557,-1,0.83147,0.55557,1,0.83147,0.382683,-1,0.92388,0.382683,1,0.92388,0.19509,-1,0.980785,0.19509,1,0.980785,-0,-1,1,-0,1,1,-0.195091,-1,0.980785,-0.195091,1,0.980785,-0.382684,-1,0.923879,-0.382684,1,0.923879,-0.555571,-1,0.831469,-0.555571,1,0.831469,-0.707107,-1,0.707106,-0.707107,1,0.707106,-0.83147,-1,0.55557,-0.83147,1,0.55557,-0.92388,-1,0.382683,-0.92388,1,0.382683,-0.980785,-1,0.19509,-0.980785,1,0.195089,-1,-1,-1e-06,-1,1,-1e-06,-0.980785,-1,-0.195091,-0.980785,1,-0.195091,-0.923879,-1,-0.382684,-0.923879,1,-0.382684,-0.831469,-1,-0.555571,-0.831469,1,-0.555571,-0.707106,-1,-0.707108,-0.707106,1,-0.707108,-0.555569,-1,-0.83147,-0.555569,1,-0.83147,-0.382682,-1,-0.92388,-0.382682,1,-0.92388,-0.195089,-1,-0.980785,-0.195089,1,-0.980786,0,-1,-1,0.19509,-1,-0.980785,0.19509,1,-0.980785,0,1,-1,0.382683,-1,-0.923879,0.382683,1,-0.92388,0.55557,-1,-0.83147,0.55557,1,-0.83147,0.707107,-1,-0.707107,0.707107,1,-0.707107,0.83147,-1,-0.55557,0.83147,1,-0.55557,0.92388,-1,-0.382683,0.92388,1,-0.382683,0.980785,-1,-0.19509,0.980785,1,-0.19509,1,-1,-0,1,1,-0,0.980785,-1,0.19509,0.980785,1,0.19509,0.92388,-1,0.382683,0.92388,1,0.382683,0.83147,-1,0.55557,0.83147,1,0.55557,0.707107,-1,0.707107,0.707107,1,0.707107,0.55557,-1,0.83147,0.55557,1,0.83147,0.382683,-1,0.92388,0.382683,1,0.92388,0.19509,-1,0.980785,0.19509,1,0.980785,-0,-1,1,-0,1,1,-0.195091,-1,0.980785,-0.195091,1,0.980785,-0.382684,-1,0.923879,-0.382684,1,0.923879,-0.555571,-1,0.831469,-0.555571,1,0.831469,-0.707107,-1,0.707106,-0.707107,1,0.707106,-0.83147,-1,0.55557,-0.83147,1,0.55557,-0.92388,-1,0.382683,-0.92388,1,0.382683,-0.980785,-1,0.19509,-0.980785,1,0.195089,-1,-1,-1e-06,-1,1,-1e-06,-0.980785,-1,-0.195091,-0.980785,1,-0.195091,-0.923879,-1,-0.382684,-0.923879,1,-0.382684,-0.831469,-1,-0.555571,-0.831469,1,-0.555571,-0.707106,-1,-0.707108,-0.707106,1,-0.707108,-0.555569,-1,-0.83147,-0.555569,1,-0.83147,-0.382682,-1,-0.92388,-0.382682,1,-0.92388,-0.195089,-1,-0.980785,-0.195089,1,-0.980786],
    "materials": [{
        "colorAmbient": [0.628408,0.033635,0.8],
        "shading": "phong",
        "wireframe": false,
        "colorEmissive": [0,0,0],
        "transparent": false,
        "specularCoef": 101,
        "blending": "NormalBlending",
        "DbgIndex": 0,
        "depthWrite": true,
        "colorDiffuse": [0.628408,0.033635,0.8],
        "colorSpecular": [1,1,1],
        "opacity": 1,
        "depthTest": true,
        "DbgColor": 15658734,
        "visible": true,
        "DbgName": "side"
    },{
        "colorAmbient": [1,1,1],
        "shading": "lambert",
        "wireframe": false,
        "colorEmissive": [0,0,0],
        "mapDiffuseRepeat": [1,1],
        "transparent": false,
        "blending": "NormalBlending",
        "DbgIndex": 1,
        "mapDiffuseWrap": ["RepeatWrapping","RepeatWrapping"],
        "mapDiffuse": "crate.jpg",
        "depthWrite": true,
        "colorDiffuse": [1,1,1],
        "opacity": 1,
        "depthTest": true,
        "DbgColor": 15597568,
        "visible": true,
        "DbgName": "top",
        "mapDiffuseAnisotropy": 1
    }],